#{"t_start": 1676930962.11163, "env_id": "NavEnv-v0"}
r,l,t
0.05,202,0.508689
0.04,202,0.88595
0.05,202,1.258054
0.03,202,5.340072
1.02,37,26.249051
